               epoch,      train/box_loss,      train/obj_loss,      train/cls_loss,   metrics/precision,      metrics/recall,     metrics/mAP_0.5,metrics/mAP_0.5:0.95,        val/box_loss,        val/obj_loss,        val/cls_loss,               x/lr0,               x/lr1,               x/lr2
                   0,             0.10481,             0.02892,            0.045666,          0.00070771,             0.16667,           0.0018141,          0.00054424,            0.074285,            0.021564,            0.030334,              0.0973,              0.0003,              0.0003
                   1,            0.094179,            0.030113,            0.044597,           0.0021356,             0.44444,           0.0039682,           0.0014886,            0.063646,            0.022316,            0.029919,            0.093699,          0.00069861,          0.00069861
                   2,            0.080003,            0.029666,            0.042066,           0.0024534,             0.61111,           0.0069862,           0.0011221,            0.049414,            0.022489,            0.029272,            0.090096,           0.0010956,           0.0010956
                   3,            0.081689,             0.03086,            0.041561,           0.0036522,             0.83333,            0.011208,           0.0031733,            0.041451,            0.022307,            0.028186,            0.086491,           0.0014911,           0.0014911
                   4,            0.067047,            0.028464,            0.037489,           0.0043015,                   1,            0.097696,            0.020014,            0.037532,             0.02231,            0.027356,            0.082885,            0.001885,            0.001885
                   5,            0.059949,            0.032027,            0.032191,           0.0041665,                   1,             0.13819,            0.041464,            0.033977,            0.021752,             0.02547,            0.079277,           0.0022772,           0.0022772
                   6,            0.058774,            0.029997,            0.029211,           0.0039899,                   1,             0.14109,            0.059945,            0.031163,            0.021091,            0.023578,            0.075668,           0.0026679,           0.0026679
                   7,            0.057271,            0.030543,            0.027882,           0.0038466,                   1,             0.45919,             0.27267,            0.040831,            0.018685,            0.021655,            0.072057,            0.003057,            0.003057
                   8,            0.052818,              0.0304,            0.028707,           0.0038242,                   1,             0.58553,              0.3918,            0.035596,            0.018122,            0.019775,            0.068445,           0.0034446,           0.0034446
                   9,            0.068741,            0.026083,            0.024557,            0.019469,                   1,             0.64704,             0.43198,            0.042688,            0.016633,            0.019226,            0.064831,           0.0038305,           0.0038305
                  10,            0.057657,            0.026385,             0.02573,             0.45713,             0.75379,             0.69256,             0.27598,            0.041898,            0.016218,            0.018536,            0.061215,           0.0042149,           0.0042149
                  11,            0.049894,            0.023483,            0.022322,             0.32972,               0.602,             0.47745,             0.21997,            0.043625,            0.015242,            0.017615,            0.057598,           0.0045976,           0.0045976
                  12,            0.055727,            0.020136,            0.025377,             0.49969,             0.72222,             0.62996,             0.34355,            0.039332,            0.014189,            0.017139,            0.053979,           0.0049788,           0.0049788
                  13,            0.062515,            0.022974,            0.023204,             0.33778,             0.71128,             0.52812,             0.24275,            0.037957,            0.013801,            0.015936,            0.050358,           0.0053584,           0.0053584
                  14,            0.062598,             0.02133,            0.021479,             0.53697,             0.83333,             0.71622,             0.39891,            0.047097,            0.011518,            0.014096,            0.046736,           0.0057365,           0.0057365
                  15,            0.058666,            0.018741,             0.02617,             0.60588,             0.83333,             0.89544,             0.37423,            0.031665,            0.012038,            0.013315,            0.043113,           0.0061129,           0.0061129
                  16,            0.057667,             0.02141,            0.022283,             0.62019,             0.83333,             0.91194,             0.43511,            0.036719,            0.011101,            0.012845,            0.039488,           0.0064877,           0.0064877
                  17,            0.055256,            0.018657,            0.022628,             0.27536,             0.50028,             0.49956,             0.21862,            0.039128,           0.0099001,            0.011826,            0.035861,            0.006861,            0.006861
                  18,            0.057818,            0.018354,            0.020782,             0.42623,             0.82274,             0.82944,             0.44673,            0.044484,           0.0093551,            0.011572,            0.032233,           0.0072327,           0.0072327
                  19,            0.056254,            0.018796,            0.018005,              0.5969,             0.96113,                0.94,             0.50253,            0.039151,            0.009258,            0.010925,            0.028603,           0.0076028,           0.0076028
                  20,            0.055311,            0.021103,            0.022822,              0.7495,             0.89957,               0.995,             0.41709,            0.048136,           0.0084538,           0.0095398,            0.024971,           0.0079713,           0.0079713
                  21,            0.060198,            0.015944,            0.014821,             0.69934,             0.90508,               0.995,             0.42203,            0.048164,           0.0082269,           0.0096283,            0.021338,           0.0083383,           0.0083383
                  22,            0.053969,            0.018628,            0.017518,             0.24376,                 0.5,             0.45951,             0.14344,            0.049714,           0.0081561,           0.0085052,            0.017704,           0.0087036,           0.0087036
                  23,            0.059092,             0.01458,            0.013189,             0.61846,             0.58802,             0.72967,             0.34332,            0.037848,           0.0084014,           0.0077911,            0.014067,           0.0090674,           0.0090674
                  24,            0.061622,            0.016636,            0.016101,             0.41672,             0.72222,             0.65052,             0.34171,            0.054193,           0.0070539,            0.006601,             0.01043,           0.0094296,           0.0094296
                  25,            0.063892,            0.014408,            0.013845,             0.66529,             0.85769,             0.93944,             0.45183,            0.040609,           0.0071774,           0.0054733,            0.009505,            0.009505,            0.009505
                  26,            0.046944,            0.013543,            0.011358,             0.37674,             0.88889,             0.67498,             0.31151,            0.050082,           0.0072968,           0.0049431,            0.009505,            0.009505,            0.009505
                  27,            0.068222,            0.015645,            0.013383,             0.74137,             0.99093,               0.995,             0.55285,            0.036579,           0.0078661,           0.0047859,           0.0094852,           0.0094852,           0.0094852
                  28,            0.060502,            0.015714,            0.013232,             0.78759,             0.95765,               0.995,             0.48966,            0.032472,           0.0075672,           0.0050842,           0.0094654,           0.0094654,           0.0094654
                  29,            0.052179,            0.014884,            0.012092,             0.43972,             0.73467,             0.77056,             0.39652,            0.051387,           0.0079195,           0.0037735,           0.0094456,           0.0094456,           0.0094456
                  30,            0.066719,            0.016649,            0.011433,             0.69937,             0.83333,             0.93944,             0.58522,            0.030036,           0.0073128,           0.0032936,           0.0094258,           0.0094258,           0.0094258
                  31,            0.052886,            0.020017,           0.0095528,             0.62506,             0.86587,              0.7344,             0.56379,            0.045877,           0.0075123,           0.0029522,            0.009406,            0.009406,            0.009406
                  32,            0.061763,            0.014253,           0.0084716,             0.89535,             0.89066,               0.995,             0.37272,            0.040347,           0.0069339,            0.003022,           0.0093862,           0.0093862,           0.0093862
                  33,            0.047793,            0.012187,              0.0113,             0.61879,             0.68066,             0.75781,             0.48632,            0.048093,           0.0068228,           0.0030479,           0.0093664,           0.0093664,           0.0093664
                  34,            0.061299,            0.011009,            0.008971,             0.73876,               0.975,             0.93944,             0.42447,            0.034786,           0.0069163,           0.0029167,           0.0093466,           0.0093466,           0.0093466
                  35,            0.059946,            0.012691,           0.0084759,             0.51988,             0.83333,             0.86537,             0.46607,            0.040377,           0.0069191,           0.0021538,           0.0093268,           0.0093268,           0.0093268
                  36,            0.049728,             0.01411,           0.0083529,             0.59282,                   1,             0.77361,             0.49311,            0.036182,           0.0068362,           0.0016045,            0.009307,            0.009307,            0.009307
                  37,            0.044945,            0.011388,           0.0067097,             0.69784,             0.98576,             0.91433,             0.52418,            0.033728,           0.0069525,            0.001532,           0.0092872,           0.0092872,           0.0092872
                  38,            0.047308,            0.014116,           0.0058055,             0.79155,             0.79953,             0.93944,             0.58863,            0.037922,           0.0070403,           0.0015022,           0.0092674,           0.0092674,           0.0092674
                  39,            0.050609,            0.014949,           0.0056612,             0.77342,             0.83333,             0.80678,             0.50143,            0.036214,           0.0072348,           0.0015671,           0.0092476,           0.0092476,           0.0092476
                  40,            0.042333,            0.011305,           0.0052973,             0.68537,             0.83333,             0.79345,             0.35569,            0.038396,           0.0070863,           0.0015808,           0.0092278,           0.0092278,           0.0092278
                  41,            0.055792,            0.010133,           0.0076079,             0.91704,             0.88164,               0.995,             0.67992,            0.028156,           0.0064776,           0.0018162,            0.009208,            0.009208,            0.009208
                  42,            0.038911,            0.012349,            0.005896,             0.77207,             0.95254,              0.9675,             0.62067,            0.036381,            0.006779,           0.0015877,           0.0091882,           0.0091882,           0.0091882
                  43,             0.04346,            0.012137,           0.0044134,             0.54178,                   1,             0.80167,             0.42071,            0.041617,             0.00664,           0.0017624,           0.0091684,           0.0091684,           0.0091684
                  44,             0.05623,            0.012522,           0.0067474,             0.65007,                   1,              0.9675,             0.53545,            0.029358,           0.0059307,           0.0020523,           0.0091486,           0.0091486,           0.0091486
                  45,            0.042851,            0.010791,            0.010163,             0.80348,                   1,               0.995,             0.61695,            0.026744,           0.0056732,           0.0020237,           0.0091288,           0.0091288,           0.0091288
                  46,            0.039538,            0.011452,            0.012292,              0.5821,                   1,             0.87711,             0.55446,            0.031858,           0.0057344,           0.0019245,            0.009109,            0.009109,            0.009109
                  47,            0.038883,           0.0087442,            0.010453,             0.75524,             0.96445,               0.995,             0.51064,            0.028872,           0.0058391,           0.0020294,           0.0090892,           0.0090892,           0.0090892
                  48,            0.040704,            0.011425,           0.0056268,             0.76373,                   1,                0.94,               0.652,            0.027545,           0.0054865,           0.0016876,           0.0090694,           0.0090694,           0.0090694
                  49,            0.040999,            0.012821,           0.0062274,             0.88259,                   1,               0.995,             0.60898,            0.021689,            0.005625,           0.0015957,           0.0090496,           0.0090496,           0.0090496
                  50,             0.04408,            0.011699,           0.0067499,             0.65115,                   1,                0.94,             0.71614,            0.026039,           0.0056148,           0.0012772,           0.0090298,           0.0090298,           0.0090298
                  51,            0.047477,             0.00978,            0.005107,              0.5872,             0.83333,              0.6965,             0.44772,            0.033565,           0.0059044,           0.0011944,             0.00901,             0.00901,             0.00901
                  52,            0.045598,            0.011363,           0.0041902,             0.71333,                   1,             0.91433,             0.57061,            0.026218,           0.0051515,           0.0012407,           0.0089902,           0.0089902,           0.0089902
                  53,            0.042441,            0.010804,           0.0055641,             0.91263,                   1,               0.995,             0.61911,            0.024988,           0.0050771,            0.001273,           0.0089704,           0.0089704,           0.0089704
                  54,            0.046488,            0.012202,           0.0049496,             0.73443,                   1,                0.94,             0.41978,            0.029803,           0.0050025,           0.0012451,           0.0089506,           0.0089506,           0.0089506
                  55,            0.045075,           0.0095354,           0.0039193,             0.73073,                   1,               0.995,             0.59025,            0.025574,           0.0046179,           0.0011997,           0.0089308,           0.0089308,           0.0089308
                  56,            0.038231,            0.011774,           0.0041111,             0.73903,                   1,               0.907,             0.67591,            0.028652,           0.0049441,           0.0013067,            0.008911,            0.008911,            0.008911
                  57,            0.038313,            0.010966,           0.0041116,             0.85832,             0.94809,                0.94,             0.45782,             0.02907,           0.0048306,           0.0013229,           0.0088912,           0.0088912,           0.0088912
                  58,            0.039915,            0.010938,           0.0037663,             0.93109,                   1,               0.995,             0.75201,            0.022016,           0.0044663,           0.0014145,           0.0088714,           0.0088714,           0.0088714
                  59,            0.042133,             0.01205,           0.0042705,             0.95204,                   1,               0.995,             0.66918,             0.02339,           0.0046313,            0.001387,           0.0088516,           0.0088516,           0.0088516
                  60,            0.040284,            0.010738,           0.0084286,             0.77091,             0.96019,               0.995,              0.7087,            0.026256,           0.0046043,           0.0014423,           0.0088318,           0.0088318,           0.0088318
                  61,            0.042786,            0.012171,           0.0036287,             0.88632,                   1,               0.995,             0.59471,            0.023224,           0.0047474,           0.0015919,            0.008812,            0.008812,            0.008812
                  62,            0.043567,            0.013201,            0.003728,             0.86215,             0.97961,               0.995,             0.56784,            0.026395,           0.0044117,           0.0015537,           0.0087922,           0.0087922,           0.0087922
                  63,            0.035878,            0.010063,           0.0032706,             0.90189,                   1,               0.995,             0.58956,            0.026161,           0.0045319,           0.0016003,           0.0087724,           0.0087724,           0.0087724
                  64,            0.041267,            0.011064,           0.0039898,             0.95898,                   1,               0.995,             0.61046,            0.021873,            0.004653,           0.0016182,           0.0087526,           0.0087526,           0.0087526
                  65,            0.037411,            0.013099,           0.0036944,             0.91981,                   1,               0.995,              0.6526,            0.027036,           0.0046673,           0.0015694,           0.0087328,           0.0087328,           0.0087328
                  66,            0.048326,           0.0099733,           0.0040893,             0.88583,                   1,               0.995,             0.68229,             0.02143,           0.0043526,           0.0016087,            0.008713,            0.008713,            0.008713
                  67,            0.042781,            0.010672,           0.0028994,              0.8312,             0.96508,               0.995,             0.75796,            0.022572,           0.0043869,           0.0016052,           0.0086932,           0.0086932,           0.0086932
                  68,            0.037198,            0.010041,           0.0028578,             0.82009,                   1,               0.951,             0.63636,            0.027685,           0.0048237,           0.0016785,           0.0086734,           0.0086734,           0.0086734
                  69,            0.035789,           0.0097003,           0.0035776,             0.80977,                   1,               0.995,             0.70814,            0.021652,           0.0047092,           0.0015736,           0.0086536,           0.0086536,           0.0086536
                  70,            0.036955,           0.0095836,           0.0027814,             0.85778,             0.95131,               0.995,             0.67979,            0.025013,           0.0046062,           0.0014992,           0.0086338,           0.0086338,           0.0086338
                  71,            0.038359,           0.0097988,           0.0032575,             0.89268,             0.99504,               0.995,             0.63161,            0.023711,           0.0046606,           0.0014854,            0.008614,            0.008614,            0.008614
                  72,            0.037562,            0.012391,            0.003579,             0.83568,             0.97635,               0.995,             0.79495,            0.020582,           0.0043955,           0.0014824,           0.0085942,           0.0085942,           0.0085942
                  73,            0.032672,           0.0096696,           0.0030796,             0.87015,             0.91763,               0.995,             0.65337,            0.022004,           0.0043459,           0.0013924,           0.0085744,           0.0085744,           0.0085744
                  74,            0.032147,            0.010125,           0.0042018,             0.94217,                   1,               0.995,             0.72447,            0.019215,           0.0043831,           0.0013943,           0.0085546,           0.0085546,           0.0085546
                  75,            0.031842,           0.0087719,           0.0035446,             0.81851,                   1,             0.93944,             0.63986,            0.020247,           0.0041697,           0.0012993,           0.0085348,           0.0085348,           0.0085348
                  76,            0.034934,           0.0088927,           0.0025533,             0.81038,                   1,             0.93944,             0.70241,             0.02278,           0.0040438,           0.0012678,            0.008515,            0.008515,            0.008515
                  77,            0.029647,            0.010187,             0.00293,             0.92891,                   1,               0.995,             0.66727,            0.022296,           0.0039294,           0.0012083,           0.0084952,           0.0084952,           0.0084952
                  78,            0.032389,           0.0095208,           0.0020733,             0.97199,                   1,               0.995,              0.7663,            0.016424,           0.0038245,           0.0012531,           0.0084754,           0.0084754,           0.0084754
                  79,            0.038897,           0.0088681,           0.0039329,             0.96375,                   1,               0.995,             0.63617,            0.018386,           0.0038531,           0.0012087,           0.0084556,           0.0084556,           0.0084556
                  80,            0.034641,            0.011213,           0.0022202,             0.81313,                   1,               0.995,             0.74636,            0.028127,           0.0039752,           0.0012447,           0.0084358,           0.0084358,           0.0084358
                  81,            0.036805,           0.0094093,           0.0029544,             0.96716,                   1,               0.995,             0.65247,            0.021128,           0.0037596,           0.0012848,            0.008416,            0.008416,            0.008416
                  82,            0.038341,           0.0099113,           0.0030989,             0.91949,                   1,               0.995,             0.78436,            0.016945,           0.0036068,           0.0012596,           0.0083962,           0.0083962,           0.0083962
                  83,            0.028224,           0.0085774,           0.0019775,             0.96039,                   1,               0.995,             0.77665,            0.016523,           0.0036039,           0.0012569,           0.0083764,           0.0083764,           0.0083764
                  84,            0.029088,           0.0088275,           0.0025711,             0.69341,                   1,               0.995,             0.81515,            0.021395,           0.0038178,           0.0012062,           0.0083566,           0.0083566,           0.0083566
                  85,            0.033603,           0.0097733,           0.0025611,             0.83081,                   1,               0.995,             0.67746,            0.022604,           0.0038688,           0.0011904,           0.0083368,           0.0083368,           0.0083368
                  86,            0.027187,           0.0094366,           0.0018118,             0.94171,                   1,               0.995,             0.78639,            0.017108,           0.0036166,           0.0011753,            0.008317,            0.008317,            0.008317
                  87,            0.032552,            0.010533,           0.0027282,             0.80278,                   1,               0.995,             0.75736,            0.019475,           0.0038786,           0.0012291,           0.0082972,           0.0082972,           0.0082972
                  88,             0.03299,           0.0087997,           0.0021212,             0.96757,                   1,               0.995,              0.7473,            0.021004,           0.0036578,           0.0012119,           0.0082774,           0.0082774,           0.0082774
                  89,            0.038138,           0.0090258,           0.0024819,             0.95867,                   1,               0.995,             0.68608,             0.01904,            0.003545,             0.00123,           0.0082576,           0.0082576,           0.0082576
                  90,             0.02903,           0.0094936,           0.0017036,             0.95381,                   1,               0.995,             0.76807,            0.018023,            0.003412,            0.001227,           0.0082378,           0.0082378,           0.0082378
                  91,            0.038636,           0.0097394,            0.003072,             0.95043,                   1,               0.995,             0.75963,            0.021006,           0.0035753,           0.0012793,            0.008218,            0.008218,            0.008218
                  92,            0.035043,            0.010972,           0.0020483,             0.82063,                   1,               0.995,             0.71019,            0.019413,           0.0035884,            0.001354,           0.0081982,           0.0081982,           0.0081982
                  93,            0.026007,           0.0083442,           0.0021943,             0.90849,                   1,               0.995,             0.69445,            0.024912,           0.0036714,           0.0013889,           0.0081784,           0.0081784,           0.0081784
                  94,            0.039804,           0.0074633,           0.0021851,             0.95631,                   1,               0.995,             0.83682,            0.016121,           0.0035565,           0.0014439,           0.0081586,           0.0081586,           0.0081586
                  95,             0.03034,           0.0091483,           0.0024191,             0.96016,                   1,               0.995,              0.7305,            0.018907,           0.0039558,           0.0014858,           0.0081388,           0.0081388,           0.0081388
                  96,            0.030497,           0.0095192,           0.0019339,             0.96674,                   1,               0.995,             0.76198,            0.016936,           0.0035839,           0.0015205,            0.008119,            0.008119,            0.008119
                  97,            0.032099,           0.0083311,           0.0024769,             0.96853,                   1,               0.995,             0.80212,            0.019355,           0.0037212,           0.0015503,           0.0080992,           0.0080992,           0.0080992
                  98,            0.024381,           0.0094936,           0.0023876,             0.94168,                   1,               0.995,             0.63654,            0.018605,           0.0039682,           0.0015373,           0.0080794,           0.0080794,           0.0080794
                  99,            0.029974,           0.0083308,           0.0033618,               0.959,                   1,               0.995,             0.80509,            0.016589,           0.0039091,           0.0016266,           0.0080596,           0.0080596,           0.0080596
                 100,            0.031726,           0.0098429,           0.0025914,              0.8323,                   1,               0.995,             0.71896,            0.016742,           0.0038793,           0.0015442,           0.0080398,           0.0080398,           0.0080398
                 101,            0.032901,           0.0094105,           0.0033493,              0.9612,                   1,               0.995,             0.68461,            0.018772,           0.0036082,           0.0015209,             0.00802,             0.00802,             0.00802
                 102,            0.027468,           0.0085616,           0.0021966,             0.95301,                   1,               0.995,             0.75695,             0.01653,           0.0036929,           0.0014381,           0.0080002,           0.0080002,           0.0080002
                 103,            0.029183,           0.0090786,           0.0021412,               0.955,                   1,               0.995,              0.7379,            0.018185,           0.0035975,           0.0014118,           0.0079804,           0.0079804,           0.0079804
                 104,            0.025291,           0.0072174,           0.0016031,             0.85628,                   1,               0.995,             0.76855,            0.015842,           0.0038421,           0.0014042,           0.0079606,           0.0079606,           0.0079606
                 105,             0.03256,            0.010977,           0.0023301,              0.8067,                   1,               0.995,             0.76819,            0.012107,           0.0035875,           0.0013004,           0.0079408,           0.0079408,           0.0079408
                 106,            0.020647,           0.0079018,           0.0023738,             0.80536,                   1,               0.995,             0.76365,             0.02043,           0.0035114,           0.0012596,            0.007921,            0.007921,            0.007921
                 107,            0.035198,           0.0096357,           0.0026229,             0.97229,                   1,               0.995,             0.81746,             0.01735,           0.0033672,            0.001215,           0.0079012,           0.0079012,           0.0079012
                 108,            0.035338,            0.011065,           0.0033834,             0.96826,                   1,               0.995,             0.80807,            0.014527,           0.0034013,           0.0012972,           0.0078814,           0.0078814,           0.0078814
                 109,            0.024551,           0.0077703,           0.0022811,             0.96993,                   1,               0.995,             0.71582,            0.017476,           0.0037274,           0.0012833,           0.0078616,           0.0078616,           0.0078616
                 110,            0.036671,           0.0091656,           0.0031082,             0.95336,                   1,               0.995,             0.77811,            0.012539,           0.0035102,           0.0013123,           0.0078418,           0.0078418,           0.0078418
                 111,            0.030263,           0.0088121,           0.0024893,             0.96009,                   1,               0.995,             0.84075,            0.019289,           0.0036616,           0.0012962,            0.007822,            0.007822,            0.007822
                 112,            0.033449,            0.007832,           0.0017886,             0.96987,                   1,               0.995,             0.79147,            0.014575,            0.003401,           0.0013008,           0.0078022,           0.0078022,           0.0078022
                 113,            0.031199,           0.0083677,           0.0027569,             0.97268,                   1,               0.995,             0.78096,            0.015894,           0.0034556,           0.0012909,           0.0077824,           0.0077824,           0.0077824
                 114,            0.028194,           0.0090374,           0.0023639,             0.96765,                   1,               0.995,             0.70043,            0.016709,            0.003598,            0.001232,           0.0077626,           0.0077626,           0.0077626
                 115,            0.032717,           0.0072997,             0.00163,             0.91668,                   1,               0.995,             0.74833,            0.018839,           0.0034785,           0.0011889,           0.0077428,           0.0077428,           0.0077428
                 116,            0.028477,            0.009293,           0.0026912,             0.96296,                   1,               0.995,             0.77003,            0.014242,           0.0032773,           0.0011505,            0.007723,            0.007723,            0.007723
                 117,            0.029715,            0.011494,              0.0023,             0.95853,                   1,               0.995,             0.81292,            0.013584,           0.0032122,           0.0011372,           0.0077032,           0.0077032,           0.0077032
                 118,            0.029266,            0.010661,           0.0043618,             0.96987,                   1,               0.995,             0.74322,            0.016672,            0.003463,           0.0010996,           0.0076834,           0.0076834,           0.0076834
                 119,            0.028732,           0.0099457,           0.0020701,             0.96696,                   1,               0.995,             0.73434,            0.016921,           0.0033886,           0.0010376,           0.0076636,           0.0076636,           0.0076636
                 120,            0.033279,           0.0086662,           0.0020205,             0.96317,                   1,               0.995,             0.81756,            0.013914,           0.0030358,           0.0010822,           0.0076438,           0.0076438,           0.0076438
                 121,            0.025074,           0.0079419,           0.0019404,             0.95777,                   1,               0.995,             0.82626,            0.016173,           0.0029683,           0.0010651,            0.007624,            0.007624,            0.007624
                 122,            0.031166,            0.007537,           0.0031883,             0.95911,                   1,               0.995,              0.7918,            0.015592,           0.0031557,           0.0010471,           0.0076042,           0.0076042,           0.0076042
                 123,            0.026844,           0.0091436,           0.0017987,             0.95866,                   1,               0.995,             0.72056,            0.017319,            0.003233,           0.0010536,           0.0075844,           0.0075844,           0.0075844
                 124,            0.029384,           0.0090937,           0.0023125,             0.96215,                   1,               0.995,             0.83079,            0.014205,           0.0030634,           0.0011162,           0.0075646,           0.0075646,           0.0075646
                 125,            0.026973,           0.0086375,           0.0025666,             0.96921,                   1,               0.995,             0.67105,            0.017811,           0.0031173,           0.0011126,           0.0075448,           0.0075448,           0.0075448
                 126,            0.026964,           0.0070534,            0.002708,             0.95901,                   1,               0.995,             0.77051,            0.016284,           0.0027936,           0.0011229,            0.007525,            0.007525,            0.007525
                 127,            0.024753,           0.0081414,           0.0023319,             0.97068,                   1,               0.995,             0.86976,            0.013731,           0.0029757,           0.0011126,           0.0075052,           0.0075052,           0.0075052
                 128,            0.029711,           0.0083693,           0.0015958,             0.97104,                   1,               0.995,             0.76404,            0.015912,           0.0029724,           0.0011276,           0.0074854,           0.0074854,           0.0074854
                 129,            0.028751,           0.0087438,           0.0062203,             0.95019,                   1,               0.995,             0.80302,            0.017359,           0.0031962,           0.0012379,           0.0074656,           0.0074656,           0.0074656
                 130,            0.031419,           0.0088209,           0.0023845,             0.92181,                   1,               0.995,             0.86924,            0.013451,           0.0036399,            0.001469,           0.0074458,           0.0074458,           0.0074458
                 131,            0.027157,           0.0092165,           0.0019012,              0.8939,                   1,               0.995,             0.86744,             0.01456,           0.0038519,           0.0016117,            0.007426,            0.007426,            0.007426
                 132,             0.03581,            0.008884,           0.0022619,              0.9354,                   1,               0.995,             0.72862,            0.015217,           0.0039907,           0.0015614,           0.0074062,           0.0074062,           0.0074062
                 133,            0.026899,           0.0079861,           0.0017181,             0.93304,                   1,               0.995,             0.75751,            0.017327,           0.0036354,           0.0015778,           0.0073864,           0.0073864,           0.0073864
                 134,            0.029375,           0.0078205,             0.00208,             0.95345,                   1,               0.995,             0.83591,            0.015226,           0.0034666,           0.0015182,           0.0073666,           0.0073666,           0.0073666
                 135,            0.024954,           0.0090498,           0.0038368,             0.94061,                   1,               0.995,             0.86268,            0.012781,           0.0032699,           0.0015667,           0.0073468,           0.0073468,           0.0073468
                 136,            0.021067,           0.0082338,           0.0017363,             0.95039,                   1,               0.995,              0.7085,            0.016893,           0.0036952,            0.001384,            0.007327,            0.007327,            0.007327
                 137,            0.031603,           0.0079072,           0.0029511,             0.96254,                   1,               0.995,             0.81397,             0.01557,           0.0035412,           0.0013241,           0.0073072,           0.0073072,           0.0073072
                 138,            0.022687,           0.0070934,           0.0022213,             0.96084,                   1,               0.995,             0.78091,            0.013978,           0.0033429,           0.0012093,           0.0072874,           0.0072874,           0.0072874
                 139,            0.026452,           0.0076268,           0.0017859,             0.96595,                   1,               0.995,              0.8257,            0.012748,           0.0033877,           0.0011703,           0.0072676,           0.0072676,           0.0072676
                 140,            0.030056,           0.0084062,           0.0017146,             0.96274,                   1,               0.995,              0.7919,            0.018017,           0.0033627,           0.0010481,           0.0072478,           0.0072478,           0.0072478
                 141,            0.030715,           0.0083187,           0.0018512,             0.96238,                   1,               0.995,             0.80312,            0.015497,           0.0032175,           0.0010168,            0.007228,            0.007228,            0.007228
                 142,            0.027252,           0.0069884,           0.0022474,             0.96528,                   1,               0.995,             0.80249,            0.012758,           0.0028474,          0.00096264,           0.0072082,           0.0072082,           0.0072082
                 143,             0.02495,           0.0080993,           0.0042983,             0.95704,                   1,               0.995,             0.77592,            0.012854,           0.0026536,          0.00097294,           0.0071884,           0.0071884,           0.0071884
                 144,            0.024383,            0.007674,           0.0023011,             0.95849,                   1,               0.995,             0.79124,            0.015008,            0.002661,          0.00095901,           0.0071686,           0.0071686,           0.0071686
                 145,            0.024028,           0.0081576,           0.0016428,             0.95661,                   1,               0.995,             0.84494,            0.014547,           0.0025721,          0.00093822,           0.0071488,           0.0071488,           0.0071488
                 146,            0.021448,            0.007537,           0.0015103,             0.95361,                   1,               0.995,             0.80195,            0.015175,           0.0026069,          0.00094147,            0.007129,            0.007129,            0.007129
                 147,            0.023289,            0.008021,           0.0025467,             0.95862,                   1,               0.995,             0.85776,            0.011717,            0.002641,          0.00093021,           0.0071092,           0.0071092,           0.0071092
                 148,            0.021799,           0.0067036,           0.0016692,             0.95632,                   1,               0.995,             0.84802,            0.017681,           0.0025873,          0.00094624,           0.0070894,           0.0070894,           0.0070894
                 149,            0.029184,           0.0079186,           0.0023681,             0.96177,                   1,               0.995,             0.85172,             0.01043,           0.0025935,          0.00094051,           0.0070696,           0.0070696,           0.0070696
                 150,            0.030656,           0.0088675,           0.0023629,             0.96395,                   1,               0.995,             0.79917,            0.021314,           0.0027242,          0.00094299,           0.0070498,           0.0070498,           0.0070498
                 151,            0.025221,           0.0084116,           0.0015519,             0.96215,                   1,               0.995,             0.86233,            0.011553,           0.0025437,          0.00093479,             0.00703,             0.00703,             0.00703
                 152,            0.023919,           0.0068983,           0.0026035,             0.95993,                   1,               0.995,             0.79792,            0.015722,           0.0027187,           0.0008997,           0.0070102,           0.0070102,           0.0070102
                 153,            0.025592,           0.0086595,           0.0022788,             0.95882,                   1,               0.995,              0.8503,            0.010867,           0.0028059,          0.00090294,           0.0069904,           0.0069904,           0.0069904
                 154,            0.024626,            0.007612,           0.0026881,             0.95443,                   1,               0.995,              0.7597,            0.015901,           0.0030575,          0.00092201,           0.0069706,           0.0069706,           0.0069706
                 155,            0.022868,           0.0084141,           0.0021279,             0.95392,                   1,               0.995,             0.82554,            0.011578,           0.0030556,          0.00092449,           0.0069508,           0.0069508,           0.0069508
                 156,            0.026532,           0.0091151,           0.0018249,             0.95178,                   1,               0.995,             0.73133,            0.020203,           0.0033045,           0.0009594,            0.006931,            0.006931,            0.006931
                 157,            0.027623,             0.01006,           0.0016527,              0.9495,                   1,               0.995,             0.77023,            0.010591,           0.0028417,          0.00099621,           0.0069112,           0.0069112,           0.0069112
                 158,             0.01839,           0.0069028,           0.0019091,             0.94869,                   1,               0.995,             0.81945,            0.018416,           0.0032065,           0.0010281,           0.0068914,           0.0068914,           0.0068914
                 159,            0.032459,           0.0077048,           0.0016737,             0.94854,                   1,               0.995,             0.80242,           0.0090267,           0.0028887,           0.0010408,           0.0068716,           0.0068716,           0.0068716
                 160,            0.027621,           0.0086529,           0.0042992,             0.95088,                   1,               0.995,             0.73248,            0.015562,           0.0032139,            0.001107,           0.0068518,           0.0068518,           0.0068518
                 161,             0.02158,           0.0068721,           0.0021882,             0.95016,                   1,               0.995,             0.78605,            0.012303,           0.0031796,           0.0010971,            0.006832,            0.006832,            0.006832
                 162,            0.025014,           0.0092457,           0.0017123,             0.94816,                   1,               0.995,             0.78184,            0.017905,           0.0031357,           0.0011143,           0.0068122,           0.0068122,           0.0068122
                 163,            0.032921,           0.0087198,           0.0016733,             0.95244,                   1,               0.995,             0.79985,            0.011872,           0.0028844,           0.0010763,           0.0067924,           0.0067924,           0.0067924
                 164,            0.018931,           0.0068789,           0.0018912,             0.89275,                   1,               0.995,             0.80182,            0.015988,           0.0031834,            0.001055,           0.0067726,           0.0067726,           0.0067726
                 165,             0.02848,           0.0087848,           0.0018188,             0.95998,                   1,               0.995,              0.7658,            0.014766,            0.003119,            0.001022,           0.0067528,           0.0067528,           0.0067528
                 166,            0.025759,           0.0075632,           0.0018401,             0.95768,                   1,               0.995,             0.80739,            0.012357,           0.0027189,           0.0010439,            0.006733,            0.006733,            0.006733
                 167,            0.022448,           0.0074295,           0.0036595,             0.96244,                   1,               0.995,             0.79829,            0.015506,           0.0027459,            0.001012,           0.0067132,           0.0067132,           0.0067132
                 168,             0.02542,           0.0089053,           0.0017154,             0.96229,                   1,               0.995,             0.78678,             0.01254,           0.0025606,           0.0010202,           0.0066934,           0.0066934,           0.0066934
                 169,            0.021261,           0.0078216,           0.0035758,             0.96567,                   1,               0.995,             0.73562,             0.01399,           0.0028167,          0.00098591,           0.0066736,           0.0066736,           0.0066736
                 170,            0.022814,           0.0068763,           0.0016567,             0.96437,                   1,               0.995,             0.82485,            0.011426,           0.0024393,          0.00097504,           0.0066538,           0.0066538,           0.0066538
                 171,            0.020017,           0.0063899,           0.0015466,             0.96211,                   1,               0.995,             0.86533,            0.012535,           0.0025125,            0.000947,            0.006634,            0.006634,            0.006634
                 172,            0.023117,            0.007692,           0.0018174,             0.95821,                   1,               0.995,             0.78101,             0.01585,           0.0026665,          0.00092793,           0.0066142,           0.0066142,           0.0066142
                 173,            0.027925,           0.0085211,            0.001418,             0.95831,                   1,               0.995,             0.79157,            0.014487,           0.0026817,          0.00088425,           0.0065944,           0.0065944,           0.0065944
                 174,            0.024592,           0.0077487,           0.0043729,             0.95768,                   1,               0.995,             0.82985,            0.013559,            0.002583,          0.00087357,           0.0065746,           0.0065746,           0.0065746
                 175,            0.022482,           0.0079157,           0.0020225,             0.95857,                   1,               0.995,             0.77432,            0.014098,           0.0028496,          0.00083351,           0.0065548,           0.0065548,           0.0065548
                 176,            0.019429,           0.0068956,            0.001478,             0.95113,                   1,               0.995,             0.83086,            0.017515,           0.0029562,          0.00081539,            0.006535,            0.006535,            0.006535
                 177,            0.024903,           0.0079808,           0.0022051,             0.94859,                   1,               0.995,             0.81945,            0.012472,           0.0027833,          0.00080776,           0.0065152,           0.0065152,           0.0065152
                 178,            0.019856,           0.0079039,           0.0015295,             0.94794,                   1,               0.995,             0.82529,            0.016697,           0.0027978,          0.00080643,           0.0064954,           0.0064954,           0.0064954
                 179,            0.021415,           0.0067846,           0.0022559,              0.9456,                   1,               0.995,             0.79755,            0.012647,           0.0026388,           0.0007864,           0.0064756,           0.0064756,           0.0064756
                 180,            0.023228,           0.0069202,           0.0020154,             0.95032,                   1,               0.995,             0.85781,            0.012229,           0.0026269,          0.00078487,           0.0064558,           0.0064558,           0.0064558
                 181,            0.019323,           0.0071618,           0.0011881,             0.95833,                   1,               0.995,             0.81358,            0.012179,           0.0026047,          0.00079422,            0.006436,            0.006436,            0.006436
                 182,            0.024648,           0.0092645,           0.0014315,               0.968,                   1,               0.995,             0.86668,            0.014325,           0.0027137,          0.00081749,           0.0064162,           0.0064162,           0.0064162
                 183,            0.024396,           0.0064064,           0.0013997,             0.96846,                   1,               0.995,             0.85031,            0.011834,           0.0025525,          0.00082436,           0.0063964,           0.0063964,           0.0063964
                 184,            0.022521,           0.0061617,           0.0013529,              0.9704,                   1,               0.995,             0.82531,             0.01293,           0.0027404,          0.00084019,           0.0063766,           0.0063766,           0.0063766
                 185,            0.017673,           0.0074559,           0.0011572,             0.96927,                   1,               0.995,              0.7525,            0.016296,           0.0027623,           0.0008585,           0.0063568,           0.0063568,           0.0063568
                 186,            0.028604,           0.0070804,           0.0013994,             0.96572,                   1,               0.995,             0.83165,            0.011249,           0.0025015,          0.00088348,            0.006337,            0.006337,            0.006337
                 187,            0.020441,           0.0073127,           0.0017787,             0.96117,                   1,               0.995,             0.84137,            0.014342,           0.0025349,          0.00090828,           0.0063172,           0.0063172,           0.0063172
                 188,            0.023617,            0.008541,           0.0015188,             0.95347,                   1,               0.995,               0.868,            0.014574,           0.0026877,          0.00092239,           0.0062974,           0.0062974,           0.0062974
                 189,             0.02352,           0.0075866,           0.0019072,               0.959,                   1,               0.995,             0.84025,            0.011763,           0.0026731,          0.00093498,           0.0062776,           0.0062776,           0.0062776
                 190,            0.024327,           0.0089077,           0.0022359,             0.95374,                   1,               0.995,             0.82188,            0.016226,           0.0029633,          0.00096359,           0.0062578,           0.0062578,           0.0062578
                 191,            0.021338,           0.0078636,           0.0016217,             0.96612,                   1,               0.995,             0.86118,             0.01067,           0.0025713,          0.00097656,            0.006238,            0.006238,            0.006238
                 192,            0.026359,           0.0081282,           0.0026742,             0.96839,                   1,               0.995,             0.84749,            0.014024,           0.0026324,          0.00097809,           0.0062182,           0.0062182,           0.0062182
                 193,            0.019719,           0.0071594,           0.0019261,             0.96638,                   1,               0.995,             0.82044,             0.01266,           0.0025523,          0.00095177,           0.0061984,           0.0061984,           0.0061984
                 194,            0.023626,           0.0068907,           0.0019243,             0.96527,                   1,               0.995,             0.84329,            0.012598,           0.0023305,          0.00093594,           0.0061786,           0.0061786,           0.0061786
                 195,            0.025102,           0.0095631,           0.0018056,             0.96263,                   1,               0.995,             0.91421,            0.010792,           0.0022275,          0.00089684,           0.0061588,           0.0061588,           0.0061588
                 196,             0.02167,           0.0065452,           0.0011448,             0.95996,                   1,               0.995,             0.85462,            0.012346,            0.002239,          0.00088692,            0.006139,            0.006139,            0.006139
                 197,            0.019002,           0.0067148,           0.0025563,             0.95877,                   1,               0.995,             0.85458,            0.012866,           0.0022924,          0.00085144,           0.0061192,           0.0061192,           0.0061192
                 198,             0.01974,           0.0059847,           0.0014884,             0.95977,                   1,               0.995,             0.87052,            0.013286,           0.0023685,          0.00084019,           0.0060994,           0.0060994,           0.0060994
                 199,             0.02274,           0.0074143,           0.0012012,              0.9568,                   1,               0.995,             0.85927,            0.011219,           0.0023258,          0.00082302,           0.0060796,           0.0060796,           0.0060796
                 200,            0.021423,           0.0062198,           0.0013942,             0.95681,                   1,               0.995,             0.80698,            0.014572,           0.0025301,          0.00080223,           0.0060598,           0.0060598,           0.0060598
                 201,            0.021286,           0.0079664,            0.002478,             0.95608,                   1,               0.995,             0.91237,             0.01083,           0.0024402,          0.00079174,             0.00604,             0.00604,             0.00604
                 202,            0.025259,           0.0076731,           0.0029667,             0.95513,                   1,               0.995,             0.83779,            0.013697,           0.0025504,          0.00078049,           0.0060202,           0.0060202,           0.0060202
                 203,            0.020627,           0.0057599,           0.0020124,              0.9542,                   1,               0.995,             0.79566,            0.011967,           0.0025971,          0.00078659,           0.0060004,           0.0060004,           0.0060004
                 204,            0.025108,           0.0087479,           0.0021342,             0.95446,                   1,               0.995,             0.74076,            0.014276,           0.0025733,          0.00077477,           0.0059806,           0.0059806,           0.0059806
                 205,            0.021931,           0.0069356,           0.0013928,             0.95464,                   1,               0.995,             0.81755,            0.012038,           0.0024414,          0.00077248,           0.0059608,           0.0059608,           0.0059608
                 206,            0.021988,           0.0069963,           0.0013694,             0.95305,                   1,               0.995,              0.7266,            0.017145,           0.0026257,          0.00076828,            0.005941,            0.005941,            0.005941
                 207,            0.022968,           0.0072729,           0.0011466,             0.95346,                   1,               0.995,             0.84182,            0.010984,           0.0023782,          0.00077667,           0.0059212,           0.0059212,           0.0059212
                 208,            0.025304,           0.0077421,           0.0011247,             0.95073,                   1,               0.995,             0.80749,            0.012055,           0.0023298,           0.0008007,           0.0059014,           0.0059014,           0.0059014
                 209,            0.020799,           0.0066989,           0.0023279,             0.95203,                   1,               0.995,             0.85521,            0.010506,           0.0022674,          0.00080643,           0.0058816,           0.0058816,           0.0058816
                 210,            0.018426,           0.0075887,           0.0009856,             0.95393,                   1,               0.995,             0.81534,            0.013167,           0.0024269,          0.00079594,           0.0058618,           0.0058618,           0.0058618
                 211,            0.019363,            0.007795,            0.001225,             0.95532,                   1,               0.995,             0.87203,            0.010777,            0.002327,           0.0008049,            0.005842,            0.005842,            0.005842
                 212,            0.022943,           0.0077268,           0.0027588,                0.96,                   1,               0.995,             0.73308,              0.0131,            0.002445,          0.00081806,           0.0058222,           0.0058222,           0.0058222
                 213,            0.022447,           0.0073622,           0.0011576,             0.96094,                   1,               0.995,             0.81801,            0.013057,           0.0023522,          0.00083618,           0.0058024,           0.0058024,           0.0058024
                 214,            0.019148,           0.0075905,           0.0011462,             0.95986,                   1,               0.995,             0.84676,            0.012027,           0.0024121,          0.00086136,           0.0057826,           0.0057826,           0.0057826
                 215,            0.020022,           0.0068952,           0.0011774,             0.95916,                   1,               0.995,             0.88018,            0.011401,           0.0026157,          0.00088425,           0.0057628,           0.0057628,           0.0057628
                 216,            0.018048,           0.0078391,            0.001179,             0.95612,                   1,               0.995,             0.82124,            0.012353,           0.0024109,          0.00091724,            0.005743,            0.005743,            0.005743
                 217,            0.017077,           0.0068289,           0.0011521,             0.95375,                   1,               0.995,             0.80007,            0.013035,           0.0024946,          0.00094357,           0.0057232,           0.0057232,           0.0057232
                 218,            0.025553,           0.0072274,           0.0013865,             0.95621,                   1,               0.995,             0.82493,            0.013222,           0.0025406,           0.0009613,           0.0057034,           0.0057034,           0.0057034
                 219,            0.020239,            0.006424,           0.0016112,             0.95245,                   1,               0.995,             0.82531,            0.012208,            0.002569,           0.0009861,           0.0056836,           0.0056836,           0.0056836
                 220,            0.019568,           0.0075858,           0.0016056,             0.94577,                   1,               0.995,             0.83269,            0.012947,           0.0025074,          0.00099602,           0.0056638,           0.0056638,           0.0056638
                 221,            0.021571,           0.0069077,           0.0023066,              0.9447,                   1,               0.995,             0.85159,            0.011228,            0.002445,          0.00099239,            0.005644,            0.005644,            0.005644
                 222,            0.022279,           0.0070993,           0.0015834,             0.94982,                   1,               0.995,              0.8494,            0.012849,           0.0025787,          0.00098782,           0.0056242,           0.0056242,           0.0056242
                 223,            0.017967,            0.006415,           0.0009948,             0.95171,                   1,               0.995,             0.81411,            0.012445,           0.0024257,          0.00098438,           0.0056044,           0.0056044,           0.0056044
                 224,            0.019916,           0.0064892,           0.0011509,             0.95171,                   1,               0.995,             0.84072,            0.015443,           0.0025153,          0.00098228,           0.0055846,           0.0055846,           0.0055846
                 225,            0.019943,           0.0076248,           0.0011372,             0.94366,                   1,               0.995,             0.84896,            0.011895,            0.002425,           0.0010084,           0.0055648,           0.0055648,           0.0055648
                 226,            0.019245,           0.0066573,           0.0017474,             0.94592,                   1,               0.995,             0.85224,            0.011608,           0.0024526,          0.00099525,            0.005545,            0.005545,            0.005545
                 227,            0.023659,           0.0074577,            0.001337,             0.94857,                   1,               0.995,             0.82368,            0.012103,           0.0025084,          0.00097542,           0.0055252,           0.0055252,           0.0055252
                 228,            0.019665,           0.0095193,           0.0010418,             0.95085,                   1,               0.995,             0.91459,            0.010139,           0.0024087,          0.00095253,           0.0055054,           0.0055054,           0.0055054
                 229,            0.021162,           0.0061713,            0.009715,             0.95137,                   1,               0.995,              0.8998,            0.010463,           0.0024087,          0.00095406,           0.0054856,           0.0054856,           0.0054856
                 230,            0.023743,           0.0077452,           0.0013406,             0.95241,                   1,               0.995,             0.84913,            0.012285,           0.0025163,          0.00096493,           0.0054658,           0.0054658,           0.0054658
                 231,             0.01582,           0.0058257,          0.00089695,             0.95903,                   1,               0.995,              0.9196,            0.011501,           0.0022883,          0.00092754,            0.005446,            0.005446,            0.005446
                 232,            0.018046,           0.0072926,           0.0010288,             0.95919,                   1,               0.995,              0.9037,            0.011054,           0.0023372,          0.00094185,           0.0054262,           0.0054262,           0.0054262
                 233,            0.020367,           0.0072508,           0.0013826,             0.96069,                   1,               0.995,             0.85256,            0.010969,           0.0023043,            0.000914,           0.0054064,           0.0054064,           0.0054064
                 234,            0.020815,           0.0072668,           0.0013183,             0.96355,                   1,               0.995,             0.86991,           0.0098852,            0.002275,           0.0008997,           0.0053866,           0.0053866,           0.0053866
                 235,            0.021683,           0.0068464,           0.0016055,             0.96514,                   1,               0.995,             0.86729,            0.011298,           0.0022874,          0.00088711,           0.0053668,           0.0053668,           0.0053668
                 236,            0.016553,           0.0067444,          0.00092426,             0.96813,                   1,               0.995,             0.88195,            0.011975,           0.0025434,           0.0008894,            0.005347,            0.005347,            0.005347
                 237,            0.021809,           0.0077976,           0.0013135,             0.97464,                   1,               0.995,             0.88137,            0.012066,           0.0026433,           0.0008955,           0.0053272,           0.0053272,           0.0053272
                 238,            0.020907,           0.0066777,           0.0016383,             0.97031,                   1,               0.995,             0.86284,             0.01127,           0.0024505,          0.00090122,           0.0053074,           0.0053074,           0.0053074
                 239,             0.01948,           0.0063531,            0.001063,             0.97236,                   1,               0.995,             0.84303,            0.013267,           0.0026059,           0.0009058,           0.0052876,           0.0052876,           0.0052876
                 240,            0.021141,           0.0056659,           0.0010558,             0.96644,                   1,               0.995,             0.85443,            0.011378,            0.002399,           0.0008831,           0.0052678,           0.0052678,           0.0052678
                 241,            0.025937,           0.0072532,           0.0024968,             0.96281,                   1,               0.995,             0.87186,            0.011957,           0.0022244,           0.0008873,            0.005248,            0.005248,            0.005248
                 242,            0.020669,           0.0067444,           0.0013773,             0.95992,                   1,               0.995,             0.84934,            0.011482,           0.0022626,           0.0008606,           0.0052282,           0.0052282,           0.0052282
                 243,            0.019582,           0.0070858,           0.0010556,              0.9523,                   1,               0.995,             0.85279,            0.012531,           0.0024481,          0.00084782,           0.0052084,           0.0052084,           0.0052084
                 244,            0.017623,           0.0051194,           0.0014102,             0.95105,                   1,               0.995,             0.88663,            0.012697,           0.0024891,          0.00080357,           0.0051886,           0.0051886,           0.0051886
                 245,            0.024732,           0.0068133,           0.0010902,             0.95789,                   1,               0.995,             0.83917,           0.0097497,           0.0023093,          0.00078354,           0.0051688,           0.0051688,           0.0051688
                 246,            0.020144,           0.0071957,           0.0010727,             0.96315,                   1,               0.995,             0.90113,            0.010808,           0.0023749,          0.00076199,            0.005149,            0.005149,            0.005149
                 247,            0.016077,           0.0053214,           0.0011156,             0.96027,                   1,               0.995,             0.85341,            0.009143,           0.0021434,          0.00075836,           0.0051292,           0.0051292,           0.0051292
                 248,            0.019688,           0.0058423,           0.0010836,             0.96647,                   1,               0.995,             0.87298,            0.012317,           0.0022416,          0.00074406,           0.0051094,           0.0051094,           0.0051094
                 249,            0.024154,           0.0070468,           0.0012082,             0.97005,                   1,               0.995,             0.84054,           0.0097797,            0.002259,          0.00074043,           0.0050896,           0.0050896,           0.0050896
                 250,            0.016249,           0.0051543,           0.0010812,             0.97401,                   1,               0.995,             0.84341,            0.010862,           0.0023658,          0.00073929,           0.0050698,           0.0050698,           0.0050698
                 251,            0.018595,           0.0062866,           0.0012993,             0.97349,                   1,               0.995,             0.87223,            0.010826,           0.0024431,          0.00073738,             0.00505,             0.00505,             0.00505
                 252,            0.016305,           0.0062332,           0.0013879,              0.9661,                   1,               0.995,             0.90298,            0.012821,            0.002413,          0.00076447,           0.0050302,           0.0050302,           0.0050302
                 253,            0.016698,           0.0068357,          0.00095407,             0.96996,                   1,               0.995,              0.8557,             0.01058,           0.0023258,          0.00078335,           0.0050104,           0.0050104,           0.0050104
                 254,            0.020734,           0.0084082,           0.0012343,             0.97479,                   1,               0.995,             0.80954,            0.012146,           0.0024774,          0.00078163,           0.0049906,           0.0049906,           0.0049906
                 255,            0.016128,           0.0055392,           0.0022873,             0.97475,                   1,               0.995,              0.8178,            0.012879,           0.0026009,          0.00080261,           0.0049708,           0.0049708,           0.0049708
                 256,            0.022669,           0.0073666,           0.0015108,             0.97022,                   1,               0.995,             0.84738,            0.012462,           0.0024283,          0.00081348,            0.004951,            0.004951,            0.004951
                 257,            0.014535,            0.006269,          0.00092841,             0.96933,                   1,               0.995,             0.81508,            0.012446,           0.0024474,          0.00081177,           0.0049312,           0.0049312,           0.0049312
                 258,            0.019431,           0.0070909,            0.001045,             0.97086,                   1,               0.995,              0.8517,            0.011904,           0.0024364,          0.00080128,           0.0049114,           0.0049114,           0.0049114
                 259,            0.017112,           0.0054903,           0.0016136,             0.97034,                   1,               0.995,             0.85279,            0.011149,           0.0024216,          0.00079918,           0.0048916,           0.0048916,           0.0048916
                 260,            0.021649,           0.0061502,           0.0010675,             0.96819,                   1,               0.995,             0.84738,            0.012037,           0.0026357,          0.00079575,           0.0048718,           0.0048718,           0.0048718
                 261,            0.022297,           0.0053436,          0.00097113,             0.96711,                   1,               0.995,             0.81025,            0.013158,           0.0024831,          0.00078487,            0.004852,            0.004852,            0.004852
                 262,            0.017602,           0.0065613,           0.0015782,             0.96851,                   1,               0.995,             0.88662,            0.011623,           0.0024142,          0.00077305,           0.0048322,           0.0048322,           0.0048322
                 263,            0.017155,           0.0053805,          0.00089522,             0.97217,                   1,               0.995,             0.82361,            0.012729,           0.0022473,          0.00075836,           0.0048124,           0.0048124,           0.0048124
                 264,            0.022824,           0.0077176,          0.00092081,             0.97216,                   1,               0.995,             0.82802,            0.012031,           0.0022559,          0.00075054,           0.0047926,           0.0047926,           0.0047926
                 265,            0.015776,           0.0056749,          0.00088511,              0.9716,                   1,               0.995,             0.80888,            0.012985,           0.0023766,          0.00074863,           0.0047728,           0.0047728,           0.0047728
                 266,            0.026218,           0.0070973,           0.0013281,             0.97271,                   1,               0.995,              0.8479,            0.010343,           0.0021057,          0.00075283,            0.004753,            0.004753,            0.004753
                 267,             0.01744,           0.0058081,          0.00099245,             0.97129,                   1,               0.995,              0.8231,            0.014834,           0.0023346,          0.00075111,           0.0047332,           0.0047332,           0.0047332
                 268,            0.021518,           0.0065353,           0.0010968,             0.97183,                   1,               0.995,             0.87377,             0.01021,           0.0019822,          0.00075455,           0.0047134,           0.0047134,           0.0047134
                 269,            0.017246,           0.0067677,          0.00087706,             0.97387,                   1,               0.995,             0.81882,            0.013814,           0.0021858,          0.00075531,           0.0046936,           0.0046936,           0.0046936
                 270,            0.012217,            0.004833,          0.00081699,             0.97418,                   1,               0.995,              0.8691,            0.011792,           0.0021713,          0.00075474,           0.0046738,           0.0046738,           0.0046738
                 271,            0.022253,           0.0074692,           0.0011509,             0.97249,                   1,               0.995,             0.83323,            0.012265,           0.0021255,          0.00074978,            0.004654,            0.004654,            0.004654
                 272,            0.021292,           0.0075077,            0.001473,             0.97235,                   1,               0.995,             0.82889,            0.011258,           0.0021284,           0.0007534,           0.0046342,           0.0046342,           0.0046342
                 273,            0.016822,           0.0055941,           0.0020982,               0.972,                   1,               0.995,             0.83279,             0.01198,           0.0020683,          0.00075493,           0.0046144,           0.0046144,           0.0046144
                 274,            0.019233,           0.0065145,            0.001246,             0.97171,                   1,               0.995,             0.86689,            0.011839,           0.0020137,           0.0007513,           0.0045946,           0.0045946,           0.0045946
                 275,            0.020255,           0.0069592,          0.00097979,             0.97164,                   1,               0.995,             0.83833,            0.011575,           0.0020547,           0.0007513,           0.0045748,           0.0045748,           0.0045748
                 276,            0.017912,           0.0067286,           0.0010944,             0.97316,                   1,               0.995,             0.84957,            0.012318,           0.0021832,          0.00074558,            0.004555,            0.004555,            0.004555
                 277,            0.020477,           0.0073852,          0.00094437,             0.97118,                   1,               0.995,             0.83246,            0.011027,           0.0021312,          0.00074921,           0.0045352,           0.0045352,           0.0045352
                 278,            0.020693,           0.0067921,          0.00094362,             0.97007,                   1,               0.995,             0.83966,             0.01049,            0.001997,          0.00074749,           0.0045154,           0.0045154,           0.0045154
                 279,            0.017801,           0.0069659,           0.0012301,             0.96912,                   1,               0.995,              0.8089,            0.012921,           0.0021996,          0.00073681,           0.0044956,           0.0044956,           0.0044956
                 280,            0.019762,           0.0069596,           0.0010431,             0.96834,                   1,               0.995,             0.82499,            0.011571,           0.0021334,          0.00072327,           0.0044758,           0.0044758,           0.0044758
                 281,            0.018621,           0.0066915,          0.00081921,             0.96806,                   1,               0.995,             0.78996,            0.011502,           0.0021341,          0.00071449,            0.004456,            0.004456,            0.004456
                 282,            0.017489,           0.0066488,          0.00092741,             0.96817,                   1,               0.995,             0.80283,            0.012486,           0.0022132,          0.00069771,           0.0044362,           0.0044362,           0.0044362
                 283,            0.013653,           0.0056278,          0.00081367,             0.96863,                   1,               0.995,             0.87853,             0.01046,           0.0020707,          0.00068073,           0.0044164,           0.0044164,           0.0044164
                 284,            0.017526,           0.0064038,          0.00096011,             0.97011,                   1,               0.995,             0.83844,              0.0116,           0.0021431,          0.00067959,           0.0043966,           0.0043966,           0.0043966
                 285,             0.01454,           0.0050185,          0.00072033,             0.97214,                   1,               0.995,             0.87275,           0.0098976,           0.0021131,          0.00064354,           0.0043768,           0.0043768,           0.0043768
                 286,            0.018425,           0.0060425,          0.00087668,             0.97305,                   1,               0.995,             0.85279,             0.01103,           0.0021749,          0.00063133,            0.004357,            0.004357,            0.004357
                 287,            0.020022,           0.0070398,          0.00088256,             0.97402,                   1,               0.995,             0.83342,            0.011777,           0.0022545,          0.00062447,           0.0043372,           0.0043372,           0.0043372
                 288,            0.018647,           0.0052903,          0.00088483,             0.97477,                   1,               0.995,             0.81644,            0.010183,           0.0021148,          0.00062752,           0.0043174,           0.0043174,           0.0043174
                 289,            0.016831,           0.0068118,          0.00082417,             0.97479,                   1,               0.995,             0.77656,            0.014202,           0.0023932,          0.00062618,           0.0042976,           0.0042976,           0.0042976
                 290,            0.018458,           0.0069032,           0.0008497,             0.97422,                   1,               0.995,             0.82984,            0.010709,           0.0021663,          0.00063591,           0.0042778,           0.0042778,           0.0042778
                 291,            0.015901,           0.0052243,           0.0011591,             0.97245,                   1,               0.995,             0.79068,            0.011631,           0.0021939,          0.00063686,            0.004258,            0.004258,            0.004258
                 292,             0.01636,           0.0063805,          0.00080445,             0.97188,                   1,               0.995,             0.81246,           0.0095027,           0.0020669,          0.00064182,           0.0042382,           0.0042382,           0.0042382
                 293,            0.017997,            0.007192,             0.00152,             0.97146,                   1,               0.995,             0.81593,            0.010695,           0.0021102,          0.00064793,           0.0042184,           0.0042184,           0.0042184
                 294,            0.014443,           0.0058255,          0.00088268,             0.97116,                   1,               0.995,             0.83136,             0.01056,           0.0022755,          0.00066261,           0.0041986,           0.0041986,           0.0041986
                 295,            0.021193,           0.0059952,           0.0012085,             0.97161,                   1,               0.995,             0.79828,            0.012284,           0.0025094,          0.00066986,           0.0041788,           0.0041788,           0.0041788
                 296,            0.019536,           0.0071597,             0.00139,             0.97018,                   1,               0.995,             0.81564,             0.01038,            0.002295,          0.00068626,            0.004159,            0.004159,            0.004159
                 297,            0.014707,           0.0061495,          0.00095851,             0.97189,                   1,               0.995,             0.81564,            0.011263,           0.0022879,          0.00067425,           0.0041392,           0.0041392,           0.0041392
                 298,            0.019242,            0.005229,          0.00084282,             0.97023,                   1,               0.995,             0.81968,             0.01104,           0.0021739,          0.00068417,           0.0041194,           0.0041194,           0.0041194
                 299,            0.013267,           0.0062316,          0.00099932,             0.97001,                   1,               0.995,             0.82964,            0.010539,           0.0022273,           0.0006794,           0.0040996,           0.0040996,           0.0040996
                 300,             0.01455,           0.0062177,           0.0011533,              0.9701,                   1,               0.995,              0.8155,            0.013382,           0.0024202,          0.00066662,           0.0040798,           0.0040798,           0.0040798
                 301,             0.01672,           0.0044364,           0.0015086,             0.97078,                   1,               0.995,             0.85607,             0.01095,           0.0022211,          0.00065746,             0.00406,             0.00406,             0.00406
                 302,             0.01972,            0.006691,           0.0012131,             0.97075,                   1,               0.995,             0.86649,            0.012516,           0.0021977,          0.00064945,           0.0040402,           0.0040402,           0.0040402
                 303,            0.014993,             0.00581,           0.0008962,             0.97191,                   1,               0.995,             0.84148,            0.010197,           0.0020323,          0.00063419,           0.0040204,           0.0040204,           0.0040204
                 304,            0.015442,           0.0051288,           0.0014901,             0.97249,                   1,               0.995,             0.84872,            0.012139,           0.0021865,          0.00063362,           0.0040006,           0.0040006,           0.0040006
                 305,            0.013631,           0.0057403,           0.0010654,             0.97189,                   1,               0.995,             0.85155,            0.010455,           0.0021305,          0.00062332,           0.0039808,           0.0039808,           0.0039808
                 306,            0.017361,           0.0059885,           0.0048493,             0.97215,                   1,               0.995,             0.85165,            0.010952,            0.002202,          0.00060577,            0.003961,            0.003961,            0.003961
                 307,             0.01348,           0.0051469,          0.00086046,             0.97212,                   1,               0.995,             0.82392,             0.01282,           0.0021548,          0.00061378,           0.0039412,           0.0039412,           0.0039412
                 308,            0.015767,           0.0061089,          0.00081931,             0.97309,                   1,               0.995,             0.89639,           0.0096456,           0.0018921,           0.0006094,           0.0039214,           0.0039214,           0.0039214
                 309,            0.021211,           0.0060655,           0.0010579,             0.97327,                   1,               0.995,             0.85619,            0.012832,           0.0022109,          0.00060425,           0.0039016,           0.0039016,           0.0039016
                 310,            0.018707,           0.0050809,          0.00095017,             0.97418,                   1,               0.995,             0.85165,            0.010806,            0.002089,            0.000597,           0.0038818,           0.0038818,           0.0038818
                 311,             0.01556,           0.0052239,            0.000766,             0.97403,                   1,               0.995,             0.87187,            0.011017,           0.0021164,          0.00060368,            0.003862,            0.003862,            0.003862
                 312,            0.015948,           0.0055917,           0.0010524,             0.97391,                   1,               0.995,             0.86576,           0.0094652,           0.0021195,          0.00060215,           0.0038422,           0.0038422,           0.0038422
                 313,            0.014245,           0.0047268,          0.00075238,             0.97331,                   1,               0.995,             0.88627,            0.011079,           0.0021777,          0.00060349,           0.0038224,           0.0038224,           0.0038224
                 314,            0.016065,           0.0050299,           0.0008661,             0.97485,                   1,               0.995,             0.85569,           0.0089059,           0.0019355,          0.00059395,           0.0038026,           0.0038026,           0.0038026
                 315,            0.016815,           0.0067214,           0.0010782,             0.97557,                   1,               0.995,             0.89042,            0.010979,           0.0020647,          0.00058784,           0.0037828,           0.0037828,           0.0037828
                 316,            0.014237,           0.0052661,          0.00074448,             0.97782,                   1,               0.995,             0.86724,            0.010377,           0.0021503,          0.00057869,            0.003763,            0.003763,            0.003763
                 317,            0.023965,           0.0056467,          0.00081902,             0.97783,                   1,               0.995,             0.85746,           0.0099625,           0.0022113,          0.00058155,           0.0037432,           0.0037432,           0.0037432
                 318,            0.013137,           0.0058235,          0.00067532,              0.9778,                   1,               0.995,             0.86724,            0.010083,           0.0021837,          0.00057144,           0.0037234,           0.0037234,           0.0037234
                 319,            0.018598,           0.0054773,           0.0011073,             0.97745,                   1,               0.995,             0.87148,           0.0094865,           0.0020497,          0.00057602,           0.0037036,           0.0037036,           0.0037036
                 320,            0.013748,           0.0049289,          0.00067389,             0.97756,                   1,               0.995,             0.84165,             0.01045,           0.0022335,          0.00057812,           0.0036838,           0.0036838,           0.0036838
                 321,             0.01408,           0.0053003,          0.00084876,             0.97705,                   1,               0.995,             0.86719,           0.0095952,           0.0021505,           0.0005722,            0.003664,            0.003664,            0.003664
                 322,            0.016277,           0.0052295,          0.00078763,             0.97647,                   1,               0.995,             0.85879,            0.010905,            0.002214,          0.00057468,           0.0036442,           0.0036442,           0.0036442
                 323,            0.021054,           0.0059951,          0.00085805,             0.97651,                   1,               0.995,             0.87135,           0.0092988,           0.0020688,          0.00057774,           0.0036244,           0.0036244,           0.0036244
                 324,            0.013897,           0.0055088,           0.0011944,             0.97672,                   1,               0.995,             0.86014,            0.011173,            0.002125,          0.00057716,           0.0036046,           0.0036046,           0.0036046
                 325,            0.023008,           0.0054708,          0.00068841,             0.97779,                   1,               0.995,             0.88922,           0.0091518,           0.0019007,          0.00058384,           0.0035848,           0.0035848,           0.0035848
                 326,            0.016574,            0.005261,             0.00341,             0.97855,                   1,               0.995,             0.88922,           0.0087603,           0.0018313,          0.00058031,            0.003565,            0.003565,            0.003565
                 327,            0.013734,           0.0061412,          0.00070907,             0.97783,                   1,               0.995,             0.90496,           0.0091488,           0.0018511,          0.00057173,           0.0035452,           0.0035452,           0.0035452
                 328,            0.013248,           0.0056528,          0.00072886,             0.97831,                   1,               0.995,              0.8743,            0.010422,           0.0020249,          0.00056658,           0.0035254,           0.0035254,           0.0035254
                 329,            0.015702,           0.0053994,          0.00071915,             0.97701,                   1,               0.995,              0.9195,           0.0094679,           0.0018661,          0.00056028,           0.0035056,           0.0035056,           0.0035056
                 330,            0.013579,           0.0056728,          0.00080852,             0.97652,                   1,               0.995,             0.89469,           0.0091549,           0.0019262,          0.00055895,           0.0034858,           0.0034858,           0.0034858
                 331,            0.024672,           0.0061584,           0.0033954,             0.97584,                   1,               0.995,             0.90471,           0.0088433,           0.0018485,          0.00056753,            0.003466,            0.003466,            0.003466
